Quarter,Revenue_Billion,Net_Income_Billion,EPS_Adjusted,Revenue_YoY_Growth
2019 Q3,6.3,0.143,0.18,
2020 Q3,8.77,0.3,0.27,39.2063492063492
2021 Q3,13.76,1.618,0.62,56.89851767388827
2022 Q3,21.45,3.292,1.05,55.88662790697674
2023 Q3,23.35,1.853,0.53,8.85780885780887
2024 Q3,25.18,2.173,0.72,7.837259100642391
